pos,ref,editp,codon_position,codon,editedcodon,synonymous,before,after
737,C,0.878448275862069,0,,,true,U,G
2178,C,0.952762825442162,2,UCA,UUA,false,U,A
2430,C,0.9783698012360114,2,CCU,CUU,false,C,U
3241,C,0.8598646723646723,2,UCA,UUA,false,U,A
3260,C,0.6908912130151068,3,AUC,AUU,true,U,U
3262,C,0.7611715777364835,2,UCA,UUA,false,U,A
3574,C,0.9774896333837951,2,CCU,CUU,false,C,U
3607,C,0.9720125519463998,2,CCA,CUA,false,C,A
3974,C,0.23961499493414387,0,,,true,U,U
5990,G,0.9493371212121212,2,UCC,UUC,false,U,C
12090,C,0.6911669890393295,1,CGU,UGU,false,U,G
12155,C,0.17295597484276728,3,CCC,CCU,true,C,A
15795,G,0.7888888888888889,0,,,true,C,A
19092,C,0.9478118820393775,2,UCA,UUA,false,U,A
19110,C,0.9292937530582287,2,UCA,UUA,false,U,A
19146,C,0.9880897495005379,2,UCA,UUA,false,U,A
19153,C,0.4130572241542839,3,GUC,GUU,true,U,G
19182,C,0.994613197665719,2,ACA,AUA,false,A,A
19428,C,0.9958099228644891,2,ACA,AUA,false,A,A
19584,C,0.9725746507753428,2,UCA,UUA,false,U,A
19880,C,0.12575412253653304,0,,,true,U,U
19908,C,0.9477866061293984,0,,,true,A,G
20052,C,0.9812913208608806,0,,,true,U,A
20130,C,0.9877579303972898,0,,,true,C,A
20286,C,0.9773839991098253,2,UCA,UUA,false,U,A
20526,C,0.9914179917229362,2,CCA,CUA,false,C,A
20648,C,0.9857283750072519,1,CAA,UAA,false,U,A
21562,C,0.9871076233183856,2,ACU,AUU,false,A,U
22215,C,0.9879936112793963,2,UCG,UUG,false,U,G
22233,C,0.980353982300885,2,CCA,CUA,false,C,A
22904,C,0.7197080291970803,0,,,true,C,A
23559,C,0.9875390526807196,2,UCU,UUU,false,U,U
23586,C,0.957040075075597,2,UCG,UUG,false,U,G
24141,C,0.9882243265786762,2,UCU,UUU,false,U,U
24441,C,0.9747647981183849,2,UCC,UUC,false,U,C
24442,C,0.8069635948814602,3,UCC,UCU,true,C,A
24738,C,0.9813168261114238,2,CCA,CUA,false,C,A
24861,C,0.93144035111052,2,UCG,UUG,false,U,G
26887,G,0.9963172550076349,2,CCA,CUA,false,C,A
27248,G,0.7244621425806095,0,,,true,A,G
28541,G,0.9931332655137335,2,UCU,UUU,false,U,U
29796,G,0.5209656925031766,0,,,true,A,A
30676,G,0.4568345323741007,0,,,true,A,A
33506,C,0.20662803332126042,3,UUC,UUU,true,U,A
33571,G,0.6539440203562341,0,,,true,C,A
34576,C,0.7979456873504995,2,CCU,CUU,false,C,U
34944,C,0.8519692168401992,1,CAA,UAA,false,A,A
41982,C,0.7960215778826703,0,,,true,U,A
42835,C,0.20024021962937544,0,,,true,U,A
43357,C,0.9592387501749196,2,ACG,AUG,false,A,G
43723,C,0.9667949487983746,2,UCA,UUA,false,U,A
43732,C,0.9924164243049692,2,UCU,UUU,false,U,U
43738,C,0.9740675968227799,2,UCG,UUG,false,U,G
43816,C,0.9865801353246461,2,UCU,UUU,false,U,U
43831,C,0.9971893338824256,2,CCA,CUA,false,C,A
43987,C,0.9941452277082399,2,UCG,UUG,false,U,G
44230,C,0.9958040447346993,2,UCG,UUG,false,U,G
44888,C,0.9960507632232872,2,UCA,UUA,false,U,A
45209,C,0.9767783521014092,2,UCU,UUU,false,U,U
46350,C,0.056404955232839254,0,,,true,G,A
46472,C,0.9562676002739935,2,UCA,UUA,false,U,A
46483,C,0.9687769095837985,1,CCA,UCA,false,U,C
46595,C,0.919210454534183,2,CCG,CUG,false,C,G
47548,G,0.9115112342259156,2,CCA,CUA,false,C,A
47595,G,0.5533956692913385,0,,,true,C,A
48123,G,0.9942779555814178,1,CCU,UCU,false,C,C
48629,G,0.9897542690545607,2,UCU,UUU,false,U,U
49653,G,0.987688098495212,1,CCC,UCC,false,U,C
51464,G,0.9687478814995594,2,UCA,UUA,false,U,A
51990,G,0.9844961240310077,1,CAU,UAU,false,U,A
52653,G,0.44783774332672804,0,,,true,C,A
53916,G,0.8593122898362078,1,CAU,UAU,false,A,A
54770,G,0.9115819209039548,2,UCA,UUA,false,U,A
54773,G,0.7582776751456587,2,ACU,AUU,false,A,U
54860,G,0.07239992338632446,0,,,true,U,U
56245,G,0.9169960474308301,2,CCG,CUG,false,C,G
56260,G,0.9549274255156608,2,UCA,UUA,false,U,A
59381,G,0.534385773906732,2,CCU,CUU,false,C,U
59402,G,0.8876291618828932,2,UCU,UUU,false,U,U
59511,G,0.5971894746769782,1,CAU,UAU,false,A,A
59701,G,0.33177263788744266,3,CCC,CCU,true,C,C
59702,G,0.8864526963985818,2,CCC,CUC,false,C,C
59711,G,0.714733253478301,2,UCC,UUC,false,U,C
59726,G,0.615077565091173,2,CCA,CUA,false,C,A
60271,G,0.9458415748328153,2,CCA,CUA,false,C,A
60514,G,0.8191872202229439,2,UCU,UUU,false,U,U
60640,G,0.06486781139275007,2,UCA,UUA,false,U,A
60649,G,0.28780617678381254,2,UCA,UUA,false,U,A
60661,G,0.14668925596498658,2,CCU,CUU,false,C,U
60707,G,0.18038758560396329,1,CAC,UAC,false,C,A
60712,G,0.7033444331837266,2,CCA,CUA,false,C,A
60713,G,0.09160413422058615,1,CCA,UCA,false,C,C
60723,G,0.6978605935127674,2,UCA,UUA,false,U,A
60758,G,0.47894278245715943,3,AUC,AUU,true,U,G
60762,G,0.768485023874982,2,CCA,CUA,false,C,A
60768,G,0.2510582396730404,2,ACA,AUA,false,A,A
60780,G,0.697151424287856,2,UCA,UUA,false,U,A
60792,G,0.7316095132743363,2,UCU,UUU,false,U,U
60815,G,0.7248062015503876,3,UUC,UUU,true,U,A
60837,G,0.9071719226856562,2,CCU,CUU,false,C,U
60861,G,0.8320858635785906,2,ACU,AUU,false,A,U
60873,G,0.8493317132442284,2,UCA,UUA,false,U,A
60999,G,0.8419689119170984,2,CCU,CUU,false,C,U
63018,G,0.9721555448871819,1,CCU,UCU,false,U,C
63266,G,0.9618545649455065,2,UCA,UUA,false,U,A
63656,G,0.9864575908766928,2,UCA,UUA,false,U,A
63799,G,0.638517753008046,3,UUC,UUU,true,U,A
65266,C,0.9953812836581767,2,UCA,UUA,false,U,A
65980,C,0.9975556687827919,2,UCA,UUA,false,U,A
65986,C,0.9972959187238414,2,UCU,UUU,false,U,U
66145,C,0.9979942054825051,2,UCA,UUA,false,U,A
66944,C,0.8253968253968254,2,ACU,AUU,false,A,U
67208,C,0.880268456375839,2,UCU,UUU,false,U,U
67298,C,0.8900083963056256,2,CCA,CUA,false,C,A
67388,C,0.8387967605090628,2,CCU,CUU,false,C,U
67592,C,0.7705907718844329,2,ACG,AUG,false,A,G
68212,C,0.8925802879291251,2,UCA,UUA,false,U,A
68886,C,0.9716014037680089,2,CCC,CUC,false,C,C
68887,C,0.490256175663312,3,CCC,CCU,true,C,A
69066,C,0.151861609583934,2,ACU,AUU,false,A,U
69494,C,0.6695450016605778,0,,,true,U,A
70466,C,0.8175487465181058,2,UCG,UUG,false,U,G
70470,G,0.4010416666666667,0,,,true,U,U
70485,G,0.17726396917148363,0,,,true,C,A
70498,C,0.8786159954622802,1,CGG,UGG,false,A,G
70529,C,0.2282273008029648,2,UCA,UUA,false,U,A
70664,C,0.9629248197734295,2,CCA,CUA,false,C,A
70784,C,0.813715953307393,2,UCA,UUA,false,U,A
70838,C,0.894278135657446,2,UCU,UUU,false,U,U
70907,C,0.8939393939393939,2,UCA,UUA,false,U,A
71226,C,0.8397603318482102,0,,,true,C,A
72065,C,0.9846680355920603,2,CCU,CUU,false,C,U
72103,C,0.9569488587113552,1,CUC,UUC,false,C,U
72847,G,0.9070933776669438,3,UCC,UCU,true,C,U
72848,G,0.9939024390243902,2,UCC,UUC,false,U,C
72851,G,0.9846218842416561,2,UCU,UUU,false,U,U
72874,G,0.7766567599979144,3,CUC,CUU,true,U,G
73238,G,0.9642931791263151,2,UCC,UUC,false,U,C
75155,C,0.9936948297604036,0,,,true,U,A
75161,C,0.9142618151401087,0,,,true,U,A
75164,C,0.9704781704781705,0,,,true,A,U
75166,C,0.2508361204013378,0,,,true,U,C
75167,C,0.961522462562396,0,,,true,C,A
75385,C,0.8936561393862332,2,UCA,UUA,false,U,A
75391,C,0.9920165082372044,2,UCG,UUG,false,U,G
75415,C,0.9484496192201488,2,UCA,UUA,false,U,A
75433,C,0.9371510996215953,2,UCA,UUA,false,U,A
75544,C,0.4617996604414261,0,,,true,U,U
76292,C,0.17422096317280453,0,,,true,U,A
76438,C,0.9836581709145428,2,CCG,CUG,false,C,G
77257,C,0.8955553591941328,2,UCA,UUA,false,U,A
77263,C,0.9374014652694056,2,CCA,CUA,false,C,A
77266,C,0.9429636533084809,2,UCA,UUA,false,U,A
77630,G,0.9754098360655737,2,UCA,UUA,false,U,A
80548,G,0.9741042923022348,2,ACG,AUG,false,A,G
81400,G,0.9775430680885973,2,UCU,UUU,false,U,U
81509,G,0.9146386205209734,1,CCC,UCC,false,U,C
81553,G,0.8407677035076109,2,CCG,CUG,false,C,G
83737,C,0.10994846780221076,3,ACC,ACU,true,C,G
84789,C,0.9868381194717073,2,UCC,UUC,false,U,C
84790,C,0.18114669734213235,3,UCC,UCU,true,C,G
84913,C,0.16584085701415954,3,ACC,ACU,true,C,U
84951,C,0.9908425632911393,2,UCA,UUA,false,U,A
84969,C,0.9926707647336973,2,UCU,UUU,false,U,U
85246,C,0.9416266881118105,2,UCU,UUU,false,U,U
85813,C,0.993100117298006,2,UCC,UUC,false,U,C
85814,C,0.5376932989690721,3,UCC,UCU,true,C,G
85825,C,0.980571745767416,2,UCA,UUA,false,U,A
85856,C,0.745991606585602,3,UCC,UCU,true,C,G
85861,C,0.982121898627071,2,CCA,CUA,false,C,A
85874,C,0.7783137024996003,3,AUC,AUU,true,U,C
85905,C,0.9093992872171411,0,,,true,U,A
85918,C,0.9629401949591639,0,,,true,C,A
87287,C,0.988747037383736,2,UCU,UUU,false,U,U
87467,C,0.9810109118274175,2,UCA,UUA,false,U,A
87748,C,0.9003831417624522,0,,,true,U,A
88302,C,0.1665939816833842,0,,,true,U,G
88558,C,0.9923922504110119,2,UCA,UUA,false,U,A
88636,C,0.9914607161778913,2,UCU,UUU,false,U,U
88939,C,0.9868051313378131,2,CCU,CUU,false,C,U
88963,C,0.9063142316862616,2,UCA,UUA,false,U,A
89718,G,0.7212940461725394,1,CGG,UGG,false,A,G
90062,G,0.7588,2,UCG,UUG,false,U,G
90494,G,0.9740693196405649,2,UCA,UUA,false,U,A
90632,G,0.9553398058252427,2,UCC,UUC,false,U,C
90982,G,0.9898320070733864,1,CGU,UGU,false,U,G
91059,G,0.9252905368013282,2,ACG,AUG,false,A,G
91576,G,0.6298932384341637,2,ACC,AUC,false,A,C
91594,G,0.9592952612393681,2,CCU,CUU,false,C,U
92158,G,0.8142317380352645,2,UCA,UUA,false,U,A
92342,C,0.5136417556346382,0,,,true,C,C
92347,G,0.9659714599341384,2,GCU,GUU,false,G,U
92371,G,0.8744239631336406,2,ACU,AUU,false,A,U
92419,G,0.9505882352941176,2,CCA,CUA,false,C,A
94192,G,0.7464077669902912,2,ACA,AUA,false,A,A
94483,G,0.9307712555935772,2,UCG,UUG,false,U,G
109593,G,0.98940142117307,2,UCA,UUA,false,U,A
109653,G,0.6289781812554804,2,UCA,UUA,false,U,A
109884,G,0.6146079823315981,2,CCG,CUG,false,C,G
109890,G,0.5998737772167876,2,UCC,UUC,false,U,C
109896,G,0.9726360103626943,2,ACU,AUU,false,A,U
110103,G,0.6123644251626899,2,ACA,AUA,false,A,A
110356,G,0.8704174228675136,1,CUC,UUC,false,U,U
110642,G,0.6633050795025676,3,CCC,CCU,true,C,G
110643,G,0.8231972198088618,2,CCC,CUC,false,C,C
110646,G,0.8698161065313887,2,UCU,UUU,false,U,U
110649,G,0.8678297817549733,2,UCA,UUA,false,U,A
110662,G,0.9438859440687261,1,CCU,UCU,false,U,C
110688,G,0.9502191970466082,2,UCG,UUG,false,U,G
110808,G,0.9235619940349382,2,UCA,UUA,false,U,A
110928,G,0.8953860751986715,2,CCU,CUU,false,C,U
111015,G,0.8852197570242507,2,CCU,CUU,false,C,U
111033,G,0.9149815282908809,2,CCU,CUU,false,C,U
111101,G,0.264817536125398,3,UUC,UUU,true,U,G
111135,G,0.9471190691841427,2,UCA,UUA,false,U,A
111144,G,0.9383432366305487,2,UCA,UUA,false,U,A
111324,G,0.9151819871024156,2,UCC,UUC,false,U,C
111388,G,0.8221234686524141,1,CAC,UAC,false,U,A
111453,G,0.8570934256055364,2,CCA,CUA,false,C,A
112686,C,0.5863790982123471,2,UCA,UUA,false,U,A
114085,C,0.8465959328028294,3,UUC,UUU,true,U,A
114348,C,0.9224019742253907,2,CCU,CUU,false,C,U
114381,C,0.9496472097498396,2,CCA,CUA,false,C,A
114597,C,0.9675025075225677,2,UCA,UUA,false,U,A
114781,C,0.39427226363279716,3,UUC,UUU,true,U,A
114813,C,0.9177750906892382,2,CCA,CUA,false,C,A
114816,C,0.9159347553324969,2,UCA,UUA,false,U,A
115331,G,0.9187158469945356,2,UCA,UUA,false,U,A
115409,G,0.9424909059414516,2,CCU,CUU,false,C,U
115421,G,0.8953315492120131,2,UCA,UUA,false,U,A
115574,G,0.9828521434820647,2,UCU,UUU,false,U,U
115580,G,0.9873870650326505,2,CCA,CUA,false,C,A
115616,G,0.967391304347826,2,UCA,UUA,false,U,A
115712,G,0.8224050632911393,2,UCG,UUG,false,U,G
116264,G,0.9827086553323029,2,UCA,UUA,false,U,A
116267,G,0.9851308293907503,2,UCU,UUU,false,U,U
116618,G,0.237544651250235,2,ACG,AUG,false,A,G
117429,G,0.9915242744778953,2,UCA,UUA,false,U,A
117873,G,0.9390112116709443,2,CCG,CUG,false,C,G
117888,G,0.9021262002743484,2,UCA,UUA,false,U,A
118029,G,0.7492830513335246,2,UCA,UUA,false,U,A
118219,G,0.8422879684418146,0,,,true,U,C
118242,G,0.9838015692229816,0,,,true,A,A
118260,G,0.8797021195340844,0,,,true,U,U
119168,G,0.7693489205563615,0,,,true,A,A
119195,G,0.9766781741465286,0,,,true,C,A
119459,G,0.7937865826204412,0,,,true,G,A
119462,G,0.8197304582210243,0,,,true,U,U
119486,G,0.9372562130836956,0,,,true,C,A
119648,G,0.9019141231246767,0,,,true,U,A
120167,G,0.12583213679676283,0,,,true,C,U
120810,G,0.9599681564881155,0,,,true,G,G
121160,G,0.8378924463786136,1,CGA,UGA,false,U,G
121180,G,0.9610789283128168,2,ACU,AUU,false,A,U
121537,G,0.9493983669961323,2,ACG,AUG,false,A,G
121589,G,0.9165762745291391,1,CGG,UGG,false,A,G
121765,G,0.9338436303991252,2,CCU,CUU,false,C,U
121921,G,0.8974778905994104,2,ACG,AUG,false,A,G
122023,G,0.9512241054613936,2,CCA,CUA,false,C,A
128097,G,0.9388646288209607,0,,,true,C,U
128223,G,0.21745350500715308,0,,,true,A,G
130690,C,0.5627062706270627,0,,,true,A,U
